-- MySQL dump 10.13  Distrib 8.0.36, for Win64 (x86_64)
--
-- Host: localhost    Database: vetting_2425
-- ------------------------------------------------------
-- Server version	8.0.36

/*!40101 SET @OLD_CHARACTER_SET_CLIENT=@@CHARACTER_SET_CLIENT */;
/*!40101 SET @OLD_CHARACTER_SET_RESULTS=@@CHARACTER_SET_RESULTS */;
/*!40101 SET @OLD_COLLATION_CONNECTION=@@COLLATION_CONNECTION */;
/*!50503 SET NAMES utf8mb4 */;
/*!40103 SET @OLD_TIME_ZONE=@@TIME_ZONE */;
/*!40103 SET TIME_ZONE='+00:00' */;
/*!40014 SET @OLD_UNIQUE_CHECKS=@@UNIQUE_CHECKS, UNIQUE_CHECKS=0 */;
/*!40014 SET @OLD_FOREIGN_KEY_CHECKS=@@FOREIGN_KEY_CHECKS, FOREIGN_KEY_CHECKS=0 */;
/*!40101 SET @OLD_SQL_MODE=@@SQL_MODE, SQL_MODE='NO_AUTO_VALUE_ON_ZERO' */;
/*!40111 SET @OLD_SQL_NOTES=@@SQL_NOTES, SQL_NOTES=0 */;

--
-- Table structure for table `message_id`
--

DROP TABLE IF EXISTS `message_id`;
/*!40101 SET @saved_cs_client     = @@character_set_client */;
/*!50503 SET character_set_client = utf8mb4 */;
CREATE TABLE `message_id` (
  `Recipient` varchar(100) DEFAULT NULL,
  `Message ID` varchar(255) DEFAULT NULL,
  `ID` varchar(10) NOT NULL,
  PRIMARY KEY (`ID`)
) ENGINE=InnoDB DEFAULT CHARSET=utf8mb4 COLLATE=utf8mb4_0900_ai_ci;
/*!40101 SET character_set_client = @saved_cs_client */;

--
-- Dumping data for table `message_id`
--

LOCK TABLES `message_id` WRITE;
/*!40000 ALTER TABLE `message_id` DISABLE KEYS */;
INSERT INTO `message_id` VALUES ('skshm.d26@gmail.com','<172160905458.28652.10225345498017990099@nick>','');
/*!40000 ALTER TABLE `message_id` ENABLE KEYS */;
UNLOCK TABLES;

--
-- Table structure for table `sc_login_credentials`
--

DROP TABLE IF EXISTS `sc_login_credentials`;
/*!40101 SET @saved_cs_client     = @@character_set_client */;
/*!50503 SET character_set_client = utf8mb4 */;
CREATE TABLE `sc_login_credentials` (
  `SC Name` varchar(100) NOT NULL,
  `Email` varchar(100) DEFAULT NULL,
  `User Name` varchar(100) NOT NULL,
  `Password` varchar(100) NOT NULL,
  PRIMARY KEY (`SC Name`,`Password`,`User Name`)
) ENGINE=InnoDB DEFAULT CHARSET=utf8mb4 COLLATE=utf8mb4_0900_ai_ci;
/*!40101 SET character_set_client = @saved_cs_client */;

--
-- Dumping data for table `sc_login_credentials`
--

LOCK TABLES `sc_login_credentials` WRITE;
/*!40000 ALTER TABLE `sc_login_credentials` DISABLE KEYS */;
INSERT INTO `sc_login_credentials` VALUES ('Ashwath VK','vkashwath15@gmail.com','ashwath.v','002.FNS'),('Nitya Mall','nityamall.3@gmail.com','nitya.m','003.FNS'),('Riddhi Sharma','riddhimdsharma@gmail.com','riddhi.s','004.FNS'),('Saksham Didwania','skshm.d26@gmail.com','saksham.d','001.FNS');
/*!40000 ALTER TABLE `sc_login_credentials` ENABLE KEYS */;
UNLOCK TABLES;

--
-- Table structure for table `student_data`
--

DROP TABLE IF EXISTS `student_data`;
/*!40101 SET @saved_cs_client     = @@character_set_client */;
/*!50503 SET character_set_client = utf8mb4 */;
CREATE TABLE `student_data` (
  `Roll Number` varchar(10) NOT NULL,
  `Name` varchar(100) DEFAULT NULL,
  `Phone Number` varchar(10) DEFAULT NULL,
  `Email Address` varchar(100) DEFAULT NULL,
  `Variant A` text,
  `Variant B` text,
  `Variant C` text,
  `Proofs` text,
  `Repository` text,
  PRIMARY KEY (`Roll Number`)
) ENGINE=InnoDB DEFAULT CHARSET=utf8mb4 COLLATE=utf8mb4_0900_ai_ci;
/*!40101 SET character_set_client = @saved_cs_client */;

--
-- Dumping data for table `student_data`
--

LOCK TABLES `student_data` WRITE;
/*!40000 ALTER TABLE `student_data` DISABLE KEYS */;
INSERT INTO `student_data` VALUES ('22BA004','Aarushi Sukhija','9079207757','aarushisukhijaa@gmail.com','https://s3.amazonaws.com/pf-user-files-01/u-154144/uploads/2023-09-10/ly33d4h/AARUSHI%20SUKHIJA%7C%7C22BA004.pdf','','','https://drive.google.com/drive/folders/1-BlPC7bx0kFUB3mnyMheZoAwVFir4k7c','https://drive.google.com/drive/folders/1-ETNLQAyiNqV32XYdmOxjA5lC9rFxYR7'),('22BA008','Rallapalli Jaya Mokshith','7650949999','jayamokshith24@gmail.com','https://s3.amazonaws.com/pf-user-files-01/u-154144/uploads/2023-09-10/kp13zcs/RALLAPALLI%20JAYA%20MOKSHITH%20SRCC%20RESUME%20FINAL.pdf','','','https://drive.google.com/drive/folders/1LzKwoYFjsWPIfo9jeMypaClTgjSt_zxY?usp=sharing','https://docs.google.com/document/d/1LDhRnq20Wo98tHfogA3RevXCx7XV0oy0qqawzGytTF4/edit?usp=sharing'),('22BA023','Samriddhi','9027307577','samriddhi17a@gmail.com','https://s3.amazonaws.com/pf-user-files-01/u-154144/uploads/2023-09-11/9r13zzn/SAMRIDDHI%2022BA023%20A.pdf','','','https://drive.google.com/drive/folders/1Z_kl8BHdzEl5QbDzHjMXQtsmqST1tn7s?usp=drive_link','https://drive.google.com/file/d/1MGHQ1B68aJWwx7t4CCmYGUx_N1eCPZbq/view?usp=drive_link'),('22BA026','Vishal Sahoo','9625555247','vishalssahoo@gmail.com','https://s3.amazonaws.com/pf-user-files-01/u-154144/uploads/2023-09-11/2n13xi8/Vishal%20Sahoo%2022BA026%20A.pdf','','','https://drive.google.com/drive/folders/19z4HB2xg0x6URTza_NwUkL1dn56YuihQ?usp=sharing','https://docs.google.com/spreadsheets/d/1sIApsirlpTfACCG68XgVuQ2lwYIGgsjx/edit?usp=sharing&ouid=109784286923324441238&rtpof=true&sd=true'),('22BA036','Krrish Kohli','9667227088','krrish.kohli@outlook.com','https://s3.amazonaws.com/pf-user-files-01/u-154144/uploads/2023-09-11/ax03tnv/Krrish%20Kohli%2022BA036%20A.pdf','','','https://drive.google.com/drive/folders/1nBtCrb_dVswuaJcC_grDTf5E562YfvKw?usp=sharing','https://docs.google.com/document/d/1n3lcSaSUg8dHFjPPs55wB0MEbhJZDf-H0n5n0KsHHZ4/edit?usp=sharing'),('22BA047','Vipul Roy','9871162671','royvipul67@gmail.com','https://s3.amazonaws.com/pf-user-files-01/u-154144/uploads/2023-09-10/iz03zt3/VIPUL%20ROY%2022BA047%20A.pdf','','','https://drive.google.com/drive/folders/1-LunRZr-G4X2UF6Em9p7wCMyUnyME0OS?usp=sharing','https://docs.google.com/document/d/1f9CmhQxiiQC45aDXA096fZkDfNnMbHI-rvCsdbk8IzI/edit?usp=sharing'),('22BA050','Rishit Singh','9926553324','rishitsingh446@gmail.com','https://s3.amazonaws.com/pf-user-files-01/u-154144/uploads/2023-09-11/3h43zco/RishitSingh%2022BA050%20A.pdf','','','https://drive.google.com/drive/folders/1tkW3TIIK0L5W_0dr28Wd-uY-VKq4ETQz?usp=sharing','https://docs.google.com/spreadsheets/d/1fyIXJXdZDP41C9-p_b52icTa4bTsIKcFyyG80ub_8rE/edit?usp=sharing'),('22BA052','Riyansh Kumar Singh','9990774989','riyanshks47@gmail.com','https://s3.amazonaws.com/pf-user-files-01/u-154144/uploads/2023-09-10/sy23thb/CV%20Finall.pdf','','','https://drive.google.com/drive/folders/1Kf5ny7HNTGWCJGat40U2QSL7Sm4LxzXe?usp=sharing','https://1drv.ms/w/s!As5pGH1T7meXiyrBtfYkFPjygyZ1?e=yr97mL'),('22BA056','Nishpreet Singh','9414391512','Nishpreetsrcc@gmail.com','https://s3.amazonaws.com/pf-user-files-01/u-154144/uploads/2023-09-10/h3130my/NishpreetSingh%2022BA056%20A.pdf','','','https://drive.google.com/drive/folders/1MjaMJaK_N-yWzHKdfFTz2lAAYPJVxTAQ?usp=drive_link','https://docs.google.com/document/d/17uR2xd_BlLRAZh6YlggBw-9zC7rFZSF6CuN-9mgHLaM/edit?usp=sharing'),('22BA079','Gopal Kishan Saraf','9315518017','gopalsaraf119@gmail.com','https://s3.amazonaws.com/pf-user-files-01/u-154144/uploads/2023-09-11/3m13t0y/Gopal%20Kishan%20Saraf-22BA079.pdf','','','https://drive.google.com/drive/folders/1_ZrT99L-x3rALJ74SPli9fxgkFA79Xg0?usp=drive_link','https://docs.google.com/document/d/1nykviEPnhLo3TtWHTQekX03XPW8eqU_1PUQhg8JFc2o/edit'),('22BA081','Mokshika','9268464880','mokshikamokshika@gmail.com','https://s3.amazonaws.com/pf-user-files-01/u-154144/uploads/2023-09-10/q433zh0/CV-%20Mokshika.pdf','','','https://drive.google.com/drive/folders/1AOFCPI0YT3Cw5sgvFCi91rS5pNBmns21?usp=drive_link','https://drive.google.com/file/d/19B0qqQwS4smvTJ6vr1ymj2Uuhah8YI9n/view?usp=drive_link'),('22BA088','Aamna Raza','9958374613','raza.aamna04@gmail.com','https://s3.amazonaws.com/pf-user-files-01/u-154144/uploads/2023-09-10/nj03xs5/Aamna%20Raza%2022BA088%20A.pdf','','','https://drive.google.com/drive/folders/1GSYtGoXzzIHCaBBTRvjGwOVM3bmU_MHH?usp=drive_link','https://docs.google.com/document/d/106b02IQkNgNQMXFnX3x0vytlDPQ9K18bVfOtLU3xXhM/edit?usp=sharing'),('22BA115','Nasmita Yadav','9911564760','nasmita.yadav2308@gmail.com','https://s3.amazonaws.com/pf-user-files-01/u-154144/uploads/2023-09-11/9q33xby/CV%20Nasmita%20Yadav.pdf','','','https://drive.google.com/drive/folders/1GfxCjuMk2-BWKrJCbztC52S4jyjA5Bkm','https://drive.google.com/drive/folders/1Jws9FcKxflDDIAI4tm2DaGNqru13bHf1'),('22BA117','Manya Goel','9958878345','manyagoel1224@gmail.com','https://s3.amazonaws.com/pf-user-files-01/u-154144/uploads/2023-09-10/oe33znm/MANYA%20GOEL%2022BA117%20A.pdf','','','https://drive.google.com/drive/folders/1aOwGnDXjnKOe49IdudOO4DON2w6mayBm?usp=drive_link','https://docs.google.com/document/d/1ZGLzyaEa_HsBVAdHhSzsFUN4Gro5UJhtZSMtqBkJ5Dg/edit?usp=sharing'),('22BA119','Khushee Bhalotia','6205930382','khusheebhalotia8@gmail.com','https://s3.amazonaws.com/pf-user-files-01/u-154144/uploads/2023-09-11/q0130xf/CV-%20Khushee%20Bhalotia%20New.pdf','','','https://drive.google.com/drive/folders/1PkxRLMD3in1uHEYTYM-0_LsNTj_BXQri','https://drive.google.com/file/d/1RnD3xrFBXr_om2tCo7RKGbFcCJ92x20D/view?usp=drivesdk'),('22BA132','Tanushka','8278384590','tanushkaverma1675@gmail.com','https://s3.amazonaws.com/pf-user-files-01/u-154144/uploads/2023-09-11/xo23zeo/TANUSHKA.pdf','','','https://drive.google.com/drive/folders/184JzGM2wyf_5Um-Mch2p7KU1fuaCQiGl?usp=drive_link','https://docs.google.com/document/d/13OYYtD_6fqnvO_A089CjBEyG9DvuQ5YF/edit?usp=drive_link&ouid=102337250133054876416&rtpof=true&sd=true'),('22BA139','Himanshu Raj','8969515010','hsnwd805110@gmail.com','https://s3.amazonaws.com/pf-user-files-01/u-154144/uploads/2023-09-11/f6030ko/Himanshu%20Raj%2022BA139%20A.%20.pdf','','','https://drive.google.com/drive/folders/15b_nL9coMTiHdvjgmrWqz4suIhgzAlup','https://docs.google.com/document/d/1TSIkcI4Bk1TyIEnvQQkGu3T10QdZ_inbD3ml7V5xFMs/edit?usp=sharing'),('22BA146','Sirjan Preet Kaur','9780513045','sirjanpreet17@gmail.com','https://s3.amazonaws.com/pf-user-files-01/u-154144/uploads/2023-09-10/7m030wx/Sirjan%20Preet%20Kaur%2022BA146%20A.pdf','','','https://drive.google.com/drive/folders/1JpkKesOPwh-ReMQnWXXxeqzAMcmjtR9W?usp=sharing','https://docs.google.com/document/d/17lJEhHPd6sOF7fCE1mjiCnIfkWgGnT7vc1mwudm1484/edit?usp=sharing'),('22BA147','Madhav Goel','7838170533','madhav.goel08@gmail.com','https://s3.amazonaws.com/pf-user-files-01/u-154144/uploads/2023-09-10/ny23cbk/Madhav%20Goel%2022BA147%20A.pdf','','','https://drive.google.com/drive/folders/1P7tPmpqv0OTzW_m4GPvVagp4TulN5T8Q','https://docs.google.com/file/d/1ZAhvANRWzb_ic1kdxIXT4E8R6fw_y3Tc/edit?usp=docslist_api&filetype=msword'),('22BA155','Pravahika Singh','9560112305','triumph999pr@gmail.com','https://s3.amazonaws.com/pf-user-files-01/u-154144/uploads/2023-09-10/8403ycu/Pravahika%20Singh%2022BA155.pdf','','','https://drive.google.com/drive/folders/1C-xm_evpgAj4sfUiL46cTSHuDFi6kfck','https://docs.google.com/document/d/1Cfljp-eNKMHnzv_HVlPw9STK_XrPmfGw/edit?usp=drivesdk&ouid=102524479176191357577&rtpof=true&sd=true'),('22BA157','Arindam Chaitanya Kanoria','7066021202','arindamkanoria@gmail.com','https://s3.amazonaws.com/pf-user-files-01/u-154144/uploads/2023-09-11/8n13zt6/Arindam%20Kanoria%2022BA157%20A.pdf','','','https://drive.google.com/drive/folders/1rcCFrEcSvKZ1CLN4U26fsJ3-bbOVDVEc?usp=sharing','https://docs.google.com/document/d/1aRaB7MpHaSvNAYIQqNJlYel_hlqdUryacuT9pbUx8k0/edit?usp=sharing'),('22BA179','Arvind Maurya','7827883694','arvind.maurya.4400@gmail.com','https://s3.amazonaws.com/pf-user-files-01/u-154144/uploads/2023-09-11/tp030h2/CV%20ARVIND%20MAURYA_22BA179_A%201.pdf','','','https://drive.google.com/drive/folders/1MUbZ4SaQjnhnMSArkgGXD9WhvE-jHwFo','https://docs.google.com/document/d/1OE_f74jUh5_rhXy_XBHHFmc3V3TKNkw-/edit?usp=drivesdk&ouid=115675921066095896323&rtpof=true&sd=true'),('22BA181','Jahnavi Bahadur','9899931885','jahnavibahadur@gmail.com','https://s3.amazonaws.com/pf-user-files-01/u-154144/uploads/2023-09-10/g623xa9/Jahnavi%20Bahadur%2022BA181%20A.pdf','','','https://drive.google.com/drive/folders/1CKRDF6ZfATb75Rm9FM7CQDCqfvLSNMQT?usp=drive_link','https://docs.google.com/document/d/1eTXYLrnveQUPhcl8NvYtPyaTC7xytAsl/edit?usp=drive_link'),('22BA195','Shailesh Acharya','8092219491','acharyashailesh12399@gmail.com','https://s3.amazonaws.com/pf-user-files-01/u-154144/uploads/2023-09-10/gk13umt/CV%20A%20_%20Shailesh.pdf','','','https://drive.google.com/drive/folders/19KbhXt2WDXEOVRejX0D53O0ICMtfipSF?usp=sharing','https://docs.google.com/document/d/1oJTkwjQJ7vkyCb4lh9Wlcjvnw_VFuTL-i0Wp-Zd5Urc/edit?usp=sharing'),('22BA204','Saumya Gupta','9650472145','guptasaumya3096@gmail.com','https://s3.amazonaws.com/pf-user-files-01/u-154144/uploads/2023-09-10/xi03zn4/Saumya%20Gupta%20CV.pdf','','','https://drive.google.com/drive/folders/1tFNW4hb8zIPPw5o8mHCx7eiq085z6qSA?usp=drive_link','https://docs.google.com/spreadsheets/d/1sfOSCPi4pJiIwVglcx5mFOcBT7J5J5eTLTQRP1aku-4/edit?usp=sharing'),('22BA218','Kashyapi Ganjoo','7678617334','kash24ganjoo@gmail.com','https://s3.amazonaws.com/pf-user-files-01/u-154144/uploads/2023-09-11/q623x0x/Kashyapi_Ganjoo%20CV%20Variant%201.pdf','','','https://drive.google.com/drive/folders/1aI-4a8pBZKOOUcCJ0Qe34K8LLLlO8b7-?usp=sharing','https://drive.google.com/drive/folders/11qwNDB--puJBsF-MnCoaYLSVBqOf56P4?usp=sharing'),('22BA221','Harshita Dhar','9599776240','harshitadhar07@gmail.com','https://s3.amazonaws.com/pf-user-files-01/u-154144/uploads/2023-09-10/3a13z7v/CV%20HARSHITA.pdf','','','https://drive.google.com/drive/folders/1XoC43iM0HjfAghw4Cb7JUpRVgic-VmBN?usp=sharing','https://drive.google.com/file/d/1KxReQW9Y-k6mERhID8XJT5Vwk-lHyLMU/view?usp=drive_link'),('22BA224','Bharat Gulati','9811136940','bharat06gulati@gmail.com','https://s3.amazonaws.com/pf-user-files-01/u-154144/uploads/2023-09-11/zm13zbz/Bharat%20gulati%20CV%20A.pdf','','','https://drive.google.com/drive/folders/1VAnudTaplN0DZUY-Hd_7wS3an2S_HUYX','https://1drv.ms/w/s!AsU3TZGPvyF4iWdffc-SE2erzWOp'),('22BA226','Bhaskar Agarwal','9330398318','agarwalbhaskar123@gmail.com','https://s3.amazonaws.com/pf-user-files-01/u-154144/uploads/2023-09-10/uh23xas/Bhaskar%20Agarwal%2022BA226%20A.pdf','','','https://drive.google.com/drive/folders/1sTZOFXm8HOp3rHGZbfhK8eHXx2-xyum9?usp=sharing','https://docs.google.com/document/d/18BLkqndYSwKmhDT8PHwKih6gYnmd9Hc3x9IfMVNXIYg/edit?usp=sharing'),('22BA234','Rohan Sareen','9654009018','rohansareen1709@gmail.com','https://s3.amazonaws.com/pf-user-files-01/u-154144/uploads/2023-09-11/ce13zgp/CV%20ROHAN%20SAREEN%20234%20%23.pdf','','','https://drive.google.com/drive/folders/18D1q05e8h2AyLSjqQ5vnkhJAdupfrNSw?usp=drive_link','https://drive.google.com/drive/folders/1QHpugL3rx4xaX6xN-tGG4kIOwgBY95e8?usp=drive_link'),('22BA237','Shruti Meharia','9508326904','mehariashruti21@gmail.com','https://s3.amazonaws.com/pf-user-files-01/u-154144/uploads/2023-09-10/dj2303r/CV-%20Shruti%20Meharia.pdf','','','https://drive.google.com/drive/folders/1Ddy4S7Lnzgt-yDW-RYvDOW7V2XM5UvsM','https://drive.google.com/file/d/1FHcVI92bzSEPVhpdMW0-gzTlu3qmZacQ/view?usp=drivesdk'),('22BA241','Ashutosh Kumar','6299841053','ashutoshnba@gmail.com','https://s3.amazonaws.com/pf-user-files-01/u-154144/uploads/2023-09-10/hz23xat/22BA241_Ashutosh%20Kumar_A.pdf','','','https://drive.google.com/drive/folders/1Dm92--AhHyGnyk6l1grg4d7xiHzNOwlw','https://docs.google.com/document/d/1clMAoC7d-GpXeGXB7fTJTYIV62VoaYVmIylj6hoF4qU/edit?usp=sharing'),('22BA452','Aman Munyal','7852361234','amanmunyal@gmail.com','https://s3.amazonaws.com/pf-user-files-01/u-154144/uploads/2023-09-10/te03d58/httpsonline.srcc.edusmartproffile_uploadsnoticesAttachmentSRCCHandbookofInformationforAcademicYear202223-227868a6773e85f.pdf','','','https://drive.google.com/drive/folders/1dhVTqsPO_k6IQgreQA-aBFb1CrlVhvnf','https://drive.google.com/drive/folders/1dhVTqsPO_k6IQgreQA-aBFb1CrlVhvnf'),('22BC001','Varun Gupta','9149935145','rg349046@gmail.com','https://s3.amazonaws.com/pf-user-files-01/u-154144/uploads/2023-09-10/0a030gg/varun%20cv%202.pdf','','','https://drive.google.com/drive/folders/1E1cQeeiOvHZXAiJiggfM6XkpJJi77bMT','https://drive.google.com/file/d/1emjlE7-mSQSQhQY2v3WrDh_7RhijQ0xS/view?usp=drivesdk'),('22BC022','Mayank Mittal','9775574387','workmayankmittal@gmail.com','https://s3.amazonaws.com/pf-user-files-01/u-154144/uploads/2023-09-11/xx03tja/Mayank%20Mittal%2022BC022%20A.pdf','','','https://drive.google.com/drive/folders/1VSzvjzMStDH9FT5kztQJNdePbf1O1Wmg?usp=drive_link','https://docs.google.com/document/d/1WpJBcVARSj9x2Hhhbt7xy0mucYi0JcL7KB1_ALeOaLM/edit?usp=sharing'),('22BC024','Anant Rai','7307278008','raianant111@gmail.com','https://s3.amazonaws.com/pf-user-files-01/u-154144/uploads/2023-09-10/1w0309s/22BC024_CV.pdf','','','https://drive.google.com/drive/folders/1dijZWbW3xDQO0d1Ov6NB5GNBHwQSvDVo','https://drive.google.com/drive/folders/1dsL88ezs57-ew_6mbuSiHY7C1qVBPEYl'),('22BC055','Padmaja Bharati','8595123331','padmajabharati12@gmail.com','https://s3.amazonaws.com/pf-user-files-01/u-154144/uploads/2023-09-10/w703z3r/Padmaja%20Bharati%2022BC055%20A.pdf','','','https://drive.google.com/drive/folders/1J1ONLU7Z50sUQUNuUaGYN27oljTTYGCZ','https://docs.google.com/document/d/1gwG7KI419KgUyvs0WoknrBxpk2eLYSTmy_rEsutz6WE/edit?usp=sharing'),('22BC062','Sajal Gupta','8433475644','guptasajal177@gmail.com','https://s3.amazonaws.com/pf-user-files-01/u-154144/uploads/2023-09-10/sk03z0x/Sajal%20Gupta%2022BC062%20A.pdf','','','https://drive.google.com/drive/folders/1Vl3IAK6KAzyO1WpPy8wzvtcR5W0IVBsW?usp=sharing','https://docs.google.com/document/d/1pAJI4mo-Ej4JwGgGy6aEiXWfnAcMxvQy2ME8gts-kns/edit?usp=sharing'),('22BC065','Swethitha C','9884051977','cswethitha07@gmail.com','https://s3.amazonaws.com/pf-user-files-01/u-154144/uploads/2023-09-10/zv03uyk/Swethitha%20C%2C%20CV.pdf','','','https://drive.google.com/drive/folders/1XVB6TUgdObYauGgG6suo98E0cIqoq1XH','https://docs.google.com/spreadsheets/d/1xE2QeehVWZKmo46aZWW-d9iioBkwuoElJ7wMfSblqT0/edit?usp=drivesdk'),('22BC071','Astha Chaudhary','7310666310','asthachaudhary77@gmail.com','https://s3.amazonaws.com/pf-user-files-01/u-154144/uploads/2023-09-11/6y03ybd/Astha%20chaudhary%20cv.pdf','','','https://drive.google.com/drive/folders/1-Fzeil3YIyI2MZQj2bhnV9-_4GIyTJnc','https://drive.google.com/file/d/10MnUq1Ru_GWoq-BMBeeXklgZPVJDIfEE/view?usp=drivesdk'),('22BC081','Badal Patidar','9343437104','badalpatidar2004@gmail.com','https://s3.amazonaws.com/pf-user-files-01/u-154144/uploads/2023-09-10/n403xgq/CV%20-%2022BC081.pdf','','','https://drive.google.com/drive/folders/1MrUIuarhnAUeMl5EBvHxU_nIrXFIWtnK?usp=sharing','https://drive.google.com/file/d/1LDH4cvvDUDRByD9SIvBkS3Sq0yzZq2jC/view?usp=drive_link'),('22BC088','Akash Yadav','7905034562','akashyadav220505@gmail.com','https://s3.amazonaws.com/pf-user-files-01/u-154144/uploads/2023-09-10/7403xwz/AKASH%20YADAV%2022BC088%20VARIANT%20A.pdf','','','https://drive.google.com/drive/folders/1JfAiA9iYbKN6MzqW0qeh86hwOFhkLMPi','https://1drv.ms/w/s!Aj1MXzz9XaNogSluAeSVX6sn1-W3?e=duB0Aq'),('22BC092','Shubham Parakh','7292093444','arindamkanoria@gmail.com','https://s3.amazonaws.com/pf-user-files-01/u-154144/uploads/2023-09-10/fw23z98/SHUBHAM%20PARAKH%2022BC092%20A.pdf','','','https://drive.google.com/drive/folders/1fOEuwd3imbYEsJuB3ta8p5yOD8tEJMe8?usp=drive_link','https://docs.google.com/document/d/1qoM6LJL4LQMLFKheaZNJiqOOyvKhr6cgzZ5cBnjbQfU/edit?usp=sharing'),('22BC093','Devansh Jain Baid','9460528405','devanshjain2504@gmail.com','https://s3.amazonaws.com/pf-user-files-01/u-154144/uploads/2023-09-11/ti13zot/DevanshJainBaid_22BC093_A.pdf','https://s3.amazonaws.com/pf-user-files-01/u-154144/uploads/2023-09-11/0a23z33/DevanshJainBaid_22BC093_B.pdf','','https://drive.google.com/drive/folders/1r7IwNQazuiZ8TziK0CElwePRfW9LB1fh?usp=drive_link','https://docs.google.com/spreadsheets/d/1Lw0dtDR8hdEd5-ucF2aMqZkHKWGpR_OVDHcD_BqoqQI/edit#gid=0'),('22BC132','Sakshi Soni','8467042913','itsmesakshi195@gmail.com','https://s3.amazonaws.com/pf-user-files-01/u-154144/uploads/2023-09-11/1y030as/Sakshi%20Soni%20CV.pdf','','','https://drive.google.com/drive/folders/144c9CqFNs3fh68lClVCrLr4HdkFDksT7?usp=sharing','https://drive.google.com/file/d/1quqpxRgnnvk2Yt0O9kuiq_4pL5ww1J59/view?usp=share_link'),('22BC140','Vidit','9311086805','vidit2904k@gmail.com','https://s3.amazonaws.com/pf-user-files-01/u-154144/uploads/2023-09-10/5p03x90/Vidit%20CV%20PC.pdf','','','https://drive.google.com/drive/folders/1-LdEvgU3jQoCBqi_f40hPyxoOMjVusMQ?usp=drive_link','https://drive.google.com/drive/folders/1MAV0Esg8L4GK42FnqxMgDqshQHXK8PTu?usp=drive_link'),('22BC142','Vanshika Sagar','9711342541','vanshikasagar1902@gmail.com','https://s3.amazonaws.com/pf-user-files-01/u-154144/uploads/2023-09-10/8e23zxu/Vanshika%20Sagar%2022BC142%20A.pdf','','','https://drive.google.com/drive/folders/1F5tFKq34O3KRcjDERzP7u6ZyBBTHFeUO?usp=sharing','https://docs.google.com/document/d/1d6-msbKr4qO3d0xD4wBpoHus5l8UwNG02r8UuVGaUBw/edit?usp=sharing'),('22BC145','Himanshu Kumar Yadav','8292432733','himanshu981620@gmail.com','https://s3.amazonaws.com/pf-user-files-01/u-154144/uploads/2023-09-11/l103y6d/Himanshu%20Kumar%20CV.pdf','','','https://drive.google.com/drive/folders/1kCYSMxjUKCUB385tJrFFW5jpLuib9Gxe','https://drive.google.com/file/d/1ktjPjgSuU7eaN4Qoo4T24E4gn_xX2kMS/view?usp=drivesdk'),('22BC157','Ujjwal Goel','8800077701','ujjwalgoel2005@gmail.com','https://s3.amazonaws.com/pf-user-files-01/u-154144/uploads/2023-09-11/z403zb4/Ujjwal%20Goel%2022BC157%20A.pdf','https://s3.amazonaws.com/pf-user-files-01/u-154144/uploads/2023-09-11/xo13zob/Ujjwal%20Goel%2022BC157%20B.pdf','','https://drive.google.com/drive/folders/1PW3C8SWUDhsP0j142DS_5550LqldzPoT?usp=sharing','https://docs.google.com/document/d/1rdND6ra75Ifhf12USkw4kfwsfr73FPqXqet5nIBrhYg/edit'),('22BC162','Drishti Maurya','7017790452','mdrishtisrcc@gmail.com','https://s3.amazonaws.com/pf-user-files-01/u-154144/uploads/2023-09-10/to1300d/DRISHTI%20MAURYA%2022BC162%20A.pdf','','','https://drive.google.com/drive/folders/1B8-AviCnvF58CrkO0oSm1sxckQrlQaW1','https://drive.google.com/file/d/1CX3o634BHWlOD693qZwWWzMkp7CDdZ-N/view?usp=drivesdk'),('22BC178','Yash Gupta','9205530737','guptayash0026@gmail.com','https://s3.amazonaws.com/pf-user-files-01/u-154144/uploads/2023-09-10/i343xbj/YASH%20GUPTA%2022BC178%20A.pdf','','','https://drive.google.com/drive/folders/1-pkHyauJtYAMHwR5UsSwwHCbq3PnZ9CA?usp=drive_link','https://docs.google.com/document/d/1tYiXhtX6TJIjf3kr8_fRAlbdDLjdGj07/edit?usp=sharing&ouid=115439204513662492051&rtpof=true&sd=true'),('22BC188','Ankush Kumar','9310336499','0ankushkumar1@gmail.com','https://s3.amazonaws.com/pf-user-files-01/u-154144/uploads/2023-09-11/or13t84/Final%20CV_Ankush.pdf','','','https://drive.google.com/file/d/1_b3928m5J8zNqkFHybx0PO_h_f7r8Chj/view?usp=drive_link','https://drive.google.com/file/d/1_b3928m5J8zNqkFHybx0PO_h_f7r8Chj/view?usp=drive_link'),('22BC189','Siddharth Chouksey','8269280615','siddharthchouk415@gmail.com','https://s3.amazonaws.com/pf-user-files-01/u-154144/uploads/2023-09-10/bo23wib/CV_Siddharth%20for%20Pcell%20docs.pdf','','','https://drive.google.com/drive/folders/1YP6fuQwXb08RYwpUiHock14Ojqe6FjjW?usp=sharing','https://docs.google.com/spreadsheets/d/11hJse6rXkgb17DBrrFRk9fASXNwgQKg8/edit?usp=sharing&ouid=100458836848448997655&rtpof=true&sd=true'),('22BC196','Ayushi','8076068505','ayushi2429@gmail.com','https://s3.amazonaws.com/pf-user-files-01/u-154144/uploads/2023-09-10/7923xt4/AYUSHI%2022BC196%20A.pdf','','','https://drive.google.com/drive/folders/1S1z3YAO-f3L6dUrcw3z5PYk9hwlJERj5?usp=sharing','https://docs.google.com/document/d/1CvwZnhHgYGHyA_FPkwa1LxZWelL68g6Ob_g02ElQL-I/edit?usp=sharing'),('22BC203','Sundaram Solanky','8861661907','sundaramsolanky@gmail.com','https://s3.amazonaws.com/pf-user-files-01/u-154144/uploads/2023-09-11/wz13x9w/Sundaram%20Solanky%2022BC203%20A.pdf','','','https://drive.google.com/drive/folders/14oNL1pBIxC7RnBzwKoMUGmHlWjS3ctL_?usp=drive_link','https://docs.google.com/spreadsheets/d/1YZnvNrqPHyIvQrJRl_BDSPCI4bixxpUvgZfdChMeyks/edit#gid=0'),('22BC210','Aman Kumar Lal','8881476177','amankumarlal.srcc@gmail.com','https://s3.amazonaws.com/pf-user-files-01/u-154144/uploads/2023-09-10/3v03zxj/AmanKumarLal%2022BC210%20A.pdf','','','https://drive.google.com/drive/folders/116EuRossK3Qu_G5HdaxqlRcCFXGsVHhl?usp=sharing','https://drive.google.com/file/d/13i0lZyPRa9h5FfkQjbWeE9UFjoZ_viuz/view?usp=sharing'),('22BC211','Prince Sharma','9873923419','prince886993@gmail.com','https://s3.amazonaws.com/pf-user-files-01/u-154144/uploads/2023-09-10/dx045r9/Prince%20Sharma%2022BC211%20A.pdf','','','https://drive.google.com/drive/folders/1ZDEuNFcWLuQes7HEa-GpXH_t-585t8vU','https://drive.google.com/file/d/1_-cpdrpuysL8cA2ejw2W__Yzg4Occk-A/view?usp=drivesdk'),('22BC217','Sarthak Kumar','7033000000','sarthak.kumaryt@gmail.com','https://s3.amazonaws.com/pf-user-files-01/u-154144/uploads/2023-09-10/m213thy/CV%20Format%201%20revised.pdf','','','https://drive.google.com/drive/folders/1jKo1SD_ImUhV1Is94Z6tpwqxsYpp0Q1i?usp=drive_link','https://docs.google.com/document/d/1Ktd1DMPDJSl2sxQhpRWqCR2tjFA1qDJDwMYbg8fhsjQ/edit?usp=sharing'),('22BC220','Dhruv Wadhwa','8557900750','dhruv.g.wadhwa@gmail.com','https://s3.amazonaws.com/pf-user-files-01/u-154144/uploads/2023-09-11/vr23zpx/DhruvWadhwa%2022BC220%20A.pdf','','','https://drive.google.com/drive/folders/1lYL5BNEhA11Zh_6rDvDtZCMt0GajSPp8?usp=drive_link','https://docs.google.com/document/d/1MnSCyuAzonf8zI3N4i5GSvZVHEdigl71JInCqwCbRfw/edit?usp=sharing'),('22BC221','Purbi Jain','8822331546','jpurbi.26@gmail.com','https://s3.amazonaws.com/pf-user-files-01/u-154144/uploads/2023-09-10/0m13ceq/Purbi%20Jain%2022BC221%20A.pdf','','','https://drive.google.com/drive/folders/1-7i6sVWQOjJ7hkJb8LLOOlNjvMWaVQ2T?usp=drive_link','https://docs.google.com/document/d/13K57l3jT3AU8Hck8DFLFzVWFwhksxtCRULfqWpyVI9U/edit?usp=sharing'),('22BC243','Anjali Rawat','8800415234','anjalirawat9100@gmail.com','https://s3.amazonaws.com/pf-user-files-01/u-154144/uploads/2023-09-10/vq33zfm/ANJALI%20RAWAT%2022BC243%20A.pdf','','','https://drive.google.com/drive/folders/1hyRxODgN4OYHcRN_oQaxMvkwmVydL2jc?usp=sharing','https://drive.google.com/drive/folders/1hyRxODgN4OYHcRN_oQaxMvkwmVydL2jc?usp=sharing'),('22BC245','Shruti Devgan','7463816130','shrutidevgan2021@gmail.com','https://s3.amazonaws.com/pf-user-files-01/u-154144/uploads/2023-09-10/zk230ec/Shruti%20Devgan%20CV.pdf','','','https://drive.google.com/drive/folders/1qBL4kaWriOqfj_OJ58XOi5xA41tvt1XB','https://drive.google.com/file/d/1qWzL2L49tq26dPN-s5Oi8UrqQC05t_ac/view?usp=drivesdk'),('22BC249','Riya','9278980703','WRIYA06@GMAIL.COM','https://s3.amazonaws.com/pf-user-files-01/u-154144/uploads/2023-09-10/yj03z73/RIYA%2C%2022BC249.pdf','','','https://drive.google.com/drive/folders/1SZYWgGPhjps56h3536HByYXQSrl8SCov?usp=sharing','https://docs.google.com/document/d/15MZ7dXnCPcfM3AIhdZW-gYgVvZ30YVvrWcH0K_-3D6s/edit?usp=sharing'),('22BC250','Muskan Thavnani','9140183976','muskanthavnani4@gmail.com','https://s3.amazonaws.com/pf-user-files-01/u-154144/uploads/2023-09-11/6r030g2/Muskan%20Thavnani%2022BC250%20A.pdf','','','https://drive.google.com/drive/folders/1Tc9oY0RAnyW9cg60UHJW4P4-PKsrCRp4','https://drive.google.com/file/d/1XDnNaz9cw4iPJf8u7M4AE-ShD9iWiV3q/view?usp=drivesdk'),('22BC253','Janhvi Prakash','9899885442','janhviprakaash@gmail.com','https://s3.amazonaws.com/pf-user-files-01/u-154144/uploads/2023-09-10/e343dvt/Janhvi.CV.pdf','','','https://drive.google.com/drive/folders/10paw-xMlv179aX-0b2w4Py2Ws0AcDdf2','https://drive.google.com/drive/folders/111gWc0qQtjh2fn8P_17eYtbAj-M3yKRI'),('22BC257','Zaina - Sharma','8860512182','sharmazaina@yahoo.com','https://s3.amazonaws.com/pf-user-files-01/u-154144/uploads/2023-09-10/8f23c8v/Zaina%20Sharma%2022BC257%20A.pdf','','','https://drive.google.com/drive/folders/1Db2Wm6CGjKvlkPBpnBDyDtc58gFs4i1H?usp=share_link','https://docs.google.com/document/d/1dPny2qG2mVeNWa-nmhAbxGdX_kNpv5fj0zdRVjRke5g/edit?usp=sharing'),('22BC277','Aditya Siddhartha','7505754098','adityasiddhartha778@gmail.com','https://s3.amazonaws.com/pf-user-files-01/u-154144/uploads/2023-09-11/f623tcw/CV.pdf','','','https://drive.google.com/drive/folders/1AD0uJ-6Y2j3LJZyeHHMFhqRJxIneC3Cr?usp=sharing','https://drive.google.com/drive/folders/1AD0uJ-6Y2j3LJZyeHHMFhqRJxIneC3Cr?usp=sharing'),('22BC281','Divyansh Rathore','8318712659','divyanshrathore2003@gmail.com','https://s3.amazonaws.com/pf-user-files-01/u-154144/uploads/2023-09-10/vj03te3/Divyansh%20Rathore%20Curriculum%20Vitae.pdf','','','https://drive.google.com/drive/folders/1YzJ_yntZkRozbgJxbAV69Es8CJc_dBjM?usp=sharing','https://docs.google.com/spreadsheets/d/1BXW-a42dFrnq2q7dXIqiW6JDgvAyf9oNxsWvxHu_PAk/edit?usp=sharing'),('22BC293','Himanshu Saini','9891254870','sainihimanshu0636@gmail.com','https://s3.amazonaws.com/pf-user-files-01/u-154144/uploads/2023-09-10/oj23008/%20HIMANSHU%20SAINI%2022BC293%20A.pdf','https://s3.amazonaws.com/pf-user-files-01/u-154144/uploads/2023-09-10/z1530sz/%20HIMANSHU%20SAINI%2022BC293%20B.pdf','','https://drive.google.com/drive/folders/1_lR2wb-spKlj8rQqkU32DLa8QIfhcJud?usp=sharing','https://docs.google.com/document/d/1AGwF-rh4iCvsF5wIcidCTuMEd-NDKlGB/edit?usp=sharing&ouid=116692800225781283401&rtpof=true&sd=true'),('22BC308','Meet Arvind Narnolia','7434903825','narnoliameet@gmail.com','https://s3.amazonaws.com/pf-user-files-01/u-154144/uploads/2023-09-11/i813uyq/MEETNARNOLIA%2022BC308%20A.pdf','https://s3.amazonaws.com/pf-user-files-01/u-154144/uploads/2023-09-11/s923up3/MEETNARNOLIA%2022BC308%20B.pdf','','https://drive.google.com/drive/folders/1rHb-U9Bo2-vDesIW0dxHhu3ozLR6ca6V','https://docs.google.com/document/d/1w-U3GxM5c8C5qtMf1npx0IxsoWvjYV83MNHkl2EgUt0/edit?usp=sharing'),('22BC318','Rajavi Agarwal','8697579117','rajaviagarwal1995@gmail.com','https://s3.amazonaws.com/pf-user-files-01/u-154144/uploads/2023-09-11/dv33z4m/RAJAVI%20AGARWAL-%2022BC318-%20JMD.pdf','','','https://drive.google.com/drive/folders/1c9RweUWSIFIxZuGVZndUYiDLllGgVVCm?usp=sharing','https://docs.google.com/document/d/1Qc-hptHILdOafOWwwdS7N3yq60xfo0pF9DS5PBCJuuc/edit?usp=sharing'),('22BC333','Saakshi Mundhra','8910446109','saakshimundhra10@gmail.com','https://s3.amazonaws.com/pf-user-files-01/u-154144/uploads/2023-09-10/fq03cq8/Saakshi%20Mundhra%2022BC333%20Varient%20A.pdf','','','https://drive.google.com/drive/folders/1Fs-7w9_gRjnGa9eM-JSSVLv4kwCiziut?usp=drive_link','https://docs.google.com/document/d/1gI9W20u08BGJFDsO_dZIr9SogotBMyGliwt9MHRNFHY/edit?usp=sharing'),('22BC337','Tulsi Meena','8273683502','meenatulsi129@gmail.com','https://s3.amazonaws.com/pf-user-files-01/u-154144/uploads/2023-09-10/zr03z7w/TULSI%20MEENA%2022BC337%20A.pdf','','','https://drive.google.com/drive/folders/1_shRJXaEknAKTUI5VOwbxlV1o0_3BiVB?usp=sharing','https://1drv.ms/w/s!AhbRXzbdJw1_hCwlIRjJte8TTLQs?e=YXff85'),('22BC346','Saket Goenka','9955802667','saketgoenka5@gmail.com','https://s3.amazonaws.com/pf-user-files-01/u-154144/uploads/2023-09-11/zp23zie/Saket%20Goenka-Resume.pdf','','','https://drive.google.com/drive/folders/102ixT1jnpBMwSF9IELE8Dp16WuKW6GrF?usp=drive_link','https://docs.google.com/document/d/164MnypXHQLGOu42uJVxwJWAC2u1x0sx7C2mZITr9nUw/edit?usp=sharing'),('22BC356','Amisha Dewangan','6267002435','amisha.dwgn27@gmail.com','https://s3.amazonaws.com/pf-user-files-01/u-154144/uploads/2023-09-10/0003z6r/Amisha%20Dewangan%2022BC356%20A.pdf','','','https://drive.google.com/drive/folders/1Wq0EkmFt46KEh2vm_5uKQACZRgY8pRN5?usp=sharing','https://docs.google.com/document/d/1zarZ6whG7IovnS_cVawxklLRLwc3Lz_4X7Bz7gojdsc/edit?usp=sharing'),('22BC375','Amit Kumar','8285998261','amitkr.02v@gmail.com','https://s3.amazonaws.com/pf-user-files-01/u-154144/uploads/2023-09-10/ic03zpn/AMIT%20KUMAR%2022BC375%20A.pdf','https://s3.amazonaws.com/pf-user-files-01/u-154144/uploads/2023-09-10/vm13z4a/AMIT%20KUMAR%2022BC375%20B.pdf','','https://drive.google.com/drive/folders/1hG9vTlTT7UWaFgwkhIvxbUK2KI4j7NY2?usp=drive_link','https://drive.google.com/file/d/11akxTIi-iFsi4ELL_qCRPyQWGxqVMuQd/view?usp=drive_link'),('22BC378','Sarthak Varshney','9354534932','sarthakvarshney2496@gmail.com','https://s3.amazonaws.com/pf-user-files-01/u-154144/uploads/2023-09-10/us13zv3/Sarthak%20Varshney%2022BC378%20A.pdf','','','https://drive.google.com/drive/folders/1NM9AesKyyJLBxZ7BZlRkulInkbAJppgI?usp=drive_link','https://docs.google.com/document/d/1OoqE-ypaYgOwKpJY-LnHZe_8WoNFip18/edit?usp=drive_link&ouid=116801241609116650006&rtpof=true&sd=true'),('22BC385','Makunga Shourungthil Hurui','7005105419','makungahurui7844@gmail.com','https://s3.amazonaws.com/pf-user-files-01/u-154144/uploads/2023-09-10/9223zqv/Makunga%20Shourungthil%20Hurui%2022BC385%20A.pdf','','','https://drive.google.com/drive/folders/1ofq7DEypuzTeZBfsYzk15avCK8lUJgwq?usp=sharing','https://drive.google.com/drive/folders/1087Lq_vW2VM_MgIBTE-geTwtzFqUZs5A?usp=drive_link'),('22BC394','Sujal','9625364074','sujalkanojia597@gmail.com','https://s3.amazonaws.com/pf-user-files-01/u-154144/uploads/2023-09-11/2723wxm/Professional%20CV%20Resume.pdf','','','https://drive.google.com/drive/folders/1KROz1Zbo_tTFhWNToiRVmTnvFKJONiNv?usp=sharing','https://drive.google.com/drive/folders/1LNDm2x-DYGkgNzUhK23enBDtsglUbj96?usp=sharing'),('22BC408','Priyansh Sinha','7644023065','544priyanshsinha@gmail.com','https://s3.amazonaws.com/pf-user-files-01/u-154144/uploads/2023-09-11/3d13zg9/PRIYANSH%20SINHA%2022BC408%20A.pdf','https://s3.amazonaws.com/pf-user-files-01/u-154144/uploads/2023-09-11/x823zcl/PRIYANSH%20SINHA%2022BC408%20B.pdf','','https://drive.google.com/drive/folders/1CMwFxTTKk6QqPi_hTqs6SZ8CMimEWSao?usp=drive_link','https://drive.google.com/drive/folders/1v_sE_Xv1wSL-_ct0zTInXf6bSQkUsJzP?usp=drive_link'),('22BC412','Mukul Sambharwal','9810873453','mukulsambharwal@gmail.com','https://s3.amazonaws.com/pf-user-files-01/u-154144/uploads/2023-09-10/yq13tyh/Mukul%20Sambharwal%2022BC412%20Variant%20A.pdf','','','https://drive.google.com/drive/folders/1eoxmf0pNaDGHod4Wi7Oz2wdHkC-xfGo7?usp=sharing','https://drive.google.com/file/d/191axD2hQwtD9DjxDm_Lp9plqD48kRT6Y/view?usp=sharing'),('22BC414','Sneha Gupta','7428409853','snehagupt023@gmail.com','https://s3.amazonaws.com/pf-user-files-01/u-154144/uploads/2023-09-11/sf0305n/SNEHA%20GUPTA_22BC414_A.pdf','','','https://drive.google.com/drive/folders/1PsC_QDKRyjjbwposeDlo8ULmqGZC6uO6','https://drive.google.com/drive/folders/1RfKhnYUkDRp67RgxY6tSvoPPN6p4H6tr'),('22BC415','Ayushi','8178912435','ayushi3136@gmail.com','https://s3.amazonaws.com/pf-user-files-01/u-154144/uploads/2023-09-09/sf23t3e/AYUSHI_22BC415.pdf','','','https://drive.google.com/drive/folders/1x4IMvLN2zkkE72Jlc-0lnZYkS_RoIo4E?usp=sharing','https://docs.google.com/spreadsheets/d/1GKhpFZMNfNLV2l00sZZZic0-GbAJPQRF40PTNpiJBVk/edit?usp=sharing'),('22BC426','Dimpy Mann','9205598559','dimpymann23@gmail.com','https://s3.amazonaws.com/pf-user-files-01/u-154144/uploads/2023-09-10/3d0302r/22BC426%20CV%20VARIANT%201.pdf','https://s3.amazonaws.com/pf-user-files-01/u-154144/uploads/2023-09-10/e2130vi/22BC426%20CV%20VARIANT%202.pdf','','https://drive.google.com/drive/folders/1zd2XVt6T8E8MLL6ElV_1iwJBf48ZhKei','https://1drv.ms/w/s!AvVHWZAbbt8dgkssr3RzMrzS8bl9?e=2wllUQ'),('22BC427','Rudransh Ahuja','8595318618','rudranshahuja.19@gmail.com','https://s3.amazonaws.com/pf-user-files-01/u-154144/uploads/2023-09-10/bs03u5l/RUDRANSH%20AHUJA%2022BC427%20A.pdf','https://s3.amazonaws.com/pf-user-files-01/u-154144/uploads/2023-09-10/p823u2u/RUDRANSH%20AHUJA%2022BC427%20B.pdf','','https://drive.google.com/drive/folders/11dgq_DvSfgSznLnSPuQ6amiq51ZpBF5v?usp=drive_link','https://docs.google.com/document/d/1EKVHnN5bkuG4vLXmZs3EDXaA6tWTZY-TBrZHarNDRHM/edit?usp=sharing'),('22BC432','Chirag Katariya','8085173034','chrgkatariya@gmail.com','https://s3.amazonaws.com/pf-user-files-01/u-154144/uploads/2023-09-11/vq03xmw/chirag%20katariya_22BC432_A.pdf','','','https://drive.google.com/drive/folders/1hwn3Uj9ET78QLH0Cy6r7YelSn_4CciFJ','https://docs.google.com/document/d/1l_swXpJmM7P4kKAHSpcK__WpGCNJSa2yqNXmu6n6DXg/edit?usp=drivesdk'),('22BC478','Shruti Singh','9599569971','shruti.singhhhh07@gmail.com','https://s3.amazonaws.com/pf-user-files-01/u-154144/uploads/2023-09-10/hx530ve/Shruti%20Singh%2022BC478%20A%20.pdf','','','https://drive.google.com/drive/folders/16YnVexKF-dDMmxu2uCQRNz4bBx2AYR04?usp=sharing','https://drive.google.com/file/d/1bZ1R4OZqEXZ26S8EoyyRzDBVItw1iN8l/view?usp=sharing'),('22BC479','Vaishnavi Singh','9667869430','vaishnavisrcc01@gmail.com','https://s3.amazonaws.com/pf-user-files-01/u-154144/uploads/2023-09-10/1c030xi/Vaishnavi%2022BC479.pdf','','','https://drive.google.com/drive/folders/10GxG_SGws3fcQGUlzUTmWG7UecnQfkRf','https://drive.google.com/drive/folders/10LxxSgxgBOIrUC2jUee5rZjmInW-gPng'),('22BC489','Khushi Gupta','6266481401','kg865875@gmail.com','https://s3.amazonaws.com/pf-user-files-01/u-154144/uploads/2023-09-10/a2030tb/KHUSHI%20GUPTA%2022BC489%20A%201%201.pdf','','','https://drive.google.com/folderview?id=1HG3aTvs0jugfSS8KTh_DgHmAUlwSO29q','https://in.docworkspace.com/d/sIJO317nUAe-19qcG'),('22BC500','Laksh Gumber','9149220892','lakshgumber42@gmail.com','https://s3.amazonaws.com/pf-user-files-01/u-154144/uploads/2023-09-11/7c0307y/Laksh%20Gumber%2022BC500%20A%20.pdf','','','https://drive.google.com/drive/folders/12dxwNDKwDDn4wN8QcAmhnycV-JwSFd0V','https://drive.google.com/drive/folders/167MFn82_3CB3fHUQ1_2MTQexw_EqilsF'),('22BC505','Arnav Jain','9811266192','jain.arnav213@gmail.com','https://s3.amazonaws.com/pf-user-files-01/u-154144/uploads/2023-09-11/g413zd5/Arnav%20Jain%2022BC505%20A.pdf','','','https://drive.google.com/drive/folders/1LS1y9rS40JWnqtw57aQtMqgtxsN9dIOj?usp=sharing','https://1drv.ms/w/s!AgVyXEl9bwKShBDpx3aiCNIJJUPt?e=Xal3T4'),('22BC506','Shweta Singla','9050575935','shwetasingla023@gmail.com','https://s3.amazonaws.com/pf-user-files-01/u-154144/uploads/2023-09-11/vw130wk/SHWETA%2022BC506%20A.pdf','','','https://drive.google.com/drive/folders/1njEa6kmvpfgXpY5lqbP6xSC3Pb52lMn1','https://docs.google.com/document/d/1vqvV0aEmFBztsK17lkjLUP4z5LSujC-TNYvYadorK68/edit?usp=drivesdk'),('22BC527','Anika Arora','9205232523','anikaarora21@gmail.com','https://s3.amazonaws.com/pf-user-files-01/u-154144/uploads/2023-09-10/mf23zgv/ANIKAARORA%2022BC527%20A.pdf','','','https://drive.google.com/drive/folders/13uiC1hQwWFU3-h5-9To72SaNwap8Gesk','https://drive.google.com/drive/folders/1Ob9Amzu_-bDobG82909qKmF858INzvhI?usp=sharing'),('22BC547','Aryan Bhola','7015142771','aryanbhola13@gmail.com','https://s3.amazonaws.com/pf-user-files-01/u-154144/uploads/2023-09-10/yc23x6i/ARYANBHOLA%2022BC547%20A.pdf','','','https://drive.google.com/drive/folders/15eQHQs3FKY888mi508c69apInMDHNxRT?usp=sharing','https://drive.google.com/file/d/14mJn6W0IhYdY0dPIU7wje88-kb6liHFy/view?usp=sharing'),('22BC550','Ananya Jain','9773731113','ananyajain243@gmail.com','https://s3.amazonaws.com/pf-user-files-01/u-154144/uploads/2023-09-10/rk23zd9/ANANYA%20JAIN%2022BC550%20A.pdf','','','https://drive.google.com/drive/folders/1QHbx9U8eNbeg8VnHEqvNkLNMnWm1_qXi?usp=drive_link','https://docs.google.com/document/d/1f_GexUlTckBAEN7tA8ZIl_qldctMazV2Hz8tWBqMtm4/edit?usp=sharing'),('22BC554','Ankita Dung Dung','9773541485','ankitadungdung11@gmail.com','https://s3.amazonaws.com/pf-user-files-01/u-154144/uploads/2023-09-11/xx0301a/Ankita%20Dung%20Dung%2022BC554%20A.pdf','','','https://drive.google.com/drive/folders/1uqVOaZhsZtE4RB0dpFv3PbHp5OgKQw-V','https://docs.google.com/document/d/1HXkD5VCKRL-KQZ5-aAJxMB8azxjZ1V69c2DEJOp_s7U/edit?usp=drivesdk'),('22BC558','Ayush Singhania','6200787489','ayushsinghania03@gmail.com','https://s3.amazonaws.com/pf-user-files-01/u-154144/uploads/2023-09-10/8l23wua/Ayush%20Singhania%20II%2022BC558.pdf','','','https://drive.google.com/drive/folders/1dPW7JVO-c0OqUcZzhaZUxnFwlkXQrHsT?usp=sharing','https://docs.google.com/document/d/1fTZQ0fJpJCIrDJ1LyKjPIFlJEnvl0qigTxjIesRWWIU/edit?usp=sharing'),('22BC559','Sameer Singh','9554016727','sameers2205@gmail.com','https://s3.amazonaws.com/pf-user-files-01/u-154144/uploads/2023-09-10/tg130cc/Sameer%20Singh_22BC559.pdf','','','https://drive.google.com/drive/folders/19X6_aHxb1qAKfxSiKN5is1FTi3-q6exO','https://docs.google.com/document/d/1U8BwiU30pNWDh95xZNY9Ds7jASk3R4EKkosmyuH2UFs/edit?usp=drivesdk'),('22BC560','Pranjal Saxena','9956366791','pranjalsaxena9956@gmail.com','https://s3.amazonaws.com/pf-user-files-01/u-154144/uploads/2023-09-10/fd23z68/Pranjal%20Saxena%20Resume.pdf','','','https://drive.google.com/drive/folders/1yy_n2tPe9qZ2pRb6H2x-p5heb41_6eLM?usp=drive_link','https://docs.google.com/document/d/1rNN6Hl5cExr9u8WaQS2xEuxpyhnquoNEg3UDK6uzVP8/edit?usp=sharing'),('22BC584','Aarav Jain','6000424344','aaravjain1802@gmail.com','https://s3.amazonaws.com/pf-user-files-01/u-154144/uploads/2023-09-11/f413z34/Aarav%20Jain%2022BC584%20A.pdf','','','https://drive.google.com/drive/folders/1pxjquMMXClMBWXlrMRBHRifP_0pLE_76?usp=drive_link','https://docs.google.com/document/d/1sD0_W5UOoevoyTp8_qvxyLO72tOpoUs7zmOog1Fdw2Q/edit?usp=sharing'),('22BC587','Niharika Tyagi','7827518334','niharikat.2304@gmail.com','https://s3.amazonaws.com/pf-user-files-01/u-154144/uploads/2023-09-10/nt23t0h/Niharika%20Tyagi%2022BC587%20A.pdf','https://s3.amazonaws.com/pf-user-files-01/u-154144/uploads/2023-09-10/8233tya/Niharika%20Tyagi%2022BC587%20B.pdf','','https://drive.google.com/drive/folders/1tvjgbq2LMVtFJ5DYCxm2qQ_5okFX1rPl?usp=sharing','https://docs.google.com/document/d/1Vy1wdYmF-iQ0vctr9G74Dr37SDhFreXvpFzoff6-ZfY/edit?usp=sharing'),('22BC603','Aarushi Jain','9971526024','aarushijain004@gmail.com','https://s3.amazonaws.com/pf-user-files-01/u-154144/uploads/2023-09-10/pw33zwj/AARUSHI%20JAIN%2022BC603%20A.pdf','','','https://drive.google.com/drive/folders/1aENH6bRsB-fFxGNPeFCLuNYUXyhIPFd8?usp=drive_link','https://drive.google.com/drive/folders/1-PtDNZOC2QJgJAh6r3YOxvvS3AyfgAq1?usp=drive_link'),('22BC604','Garima - Wahi','8527722383','garimawahi28@gmail.com','https://s3.amazonaws.com/pf-user-files-01/u-154144/uploads/2023-09-10/51030do/Garima%20Wahi%20CV%201.pdf','','','https://drive.google.com/drive/folders/1TPjH9aaTuiWRNxRIC6piNsJRd7TziZyQ','https://drive.google.com/drive/folders/1Wp-wnptDvSzAhWsb6uSpB7O_zZEeVFzc'),('22BC623','Bamang - Shanti','8882765630','bamangshanti2004@gmail.com','https://s3.amazonaws.com/pf-user-files-01/u-154144/uploads/2023-09-10/s504vbb/Bamang%20shanti.22BC623.A.pdf','','','https://drive.google.com/drive/folders/1muNA_9jEYGiT0F6pjqop5D2gY1RAP3gb','https://drive.google.com/drive/folders/1o9G-MUyJFG6FTjI-r7kvVYRsBdS-JiJy'),('22BC638','Sugandha','8146241966','sugandhadoomra14@gmail.com','https://s3.amazonaws.com/pf-user-files-01/u-154144/uploads/2023-09-11/5v13zy4/Sugandha%20Doomra%2022BC638%20A.pdf','','','https://drive.google.com/drive/folders/1HknKQeYerrqArUmqbC-x3PuMl0i1SitP?usp=drive_link','https://drive.google.com/file/d/1A1KB8RL94ueywLGoS_FqpEtL_mHoWDdF/view?usp=sharing'),('22BC641','Ronit Agarwal','8167332088','ronitagarwal49@gmail.com','https://s3.amazonaws.com/pf-user-files-01/u-154144/uploads/2023-09-11/0a13wz4/CV_Ronit%20Agarwal%20.pdf','','','https://drive.google.com/drive/folders/1dGuu0b28-61QOihvm8Ptd2243Ri4RLWV?usp=drive_link','https://docs.google.com/document/d/1T7VU_HxiVYyDIE2xdmRLdVXINumGREX-/edit?usp=sharing&ouid=107542930361923814339&rtpof=true&sd=true'),('22BC645','Jayant Saini','9467657647','jayantsaini100@gmail.com','https://s3.amazonaws.com/pf-user-files-01/u-154144/uploads/2023-09-10/7523z5e/Jayant%20Saini%20CV%201.pdf','','','https://drive.google.com/drive/folders/1R0yIiHuOOTXEQrDBuJhNwrMFMXrLFx9Q?usp=sharing','https://docs.google.com/document/d/1jdP_yPoCq3PX72xS_yqZjQFYf0BZC9mu/edit?usp=drive_link&ouid=106359743453465137250&rtpof=true&sd=true'),('22BC652','Jeannie Sohal','8427719432','j.jeanniesohal@gmail.com','https://s3.amazonaws.com/pf-user-files-01/u-154144/uploads/2023-09-10/hz03083/JEANNIE%20SOHAL%2022BC652%20A%20.pdf','','','https://drive.google.com/drive/folders/1kxH6567eeDxIAWLJgh1sWig6KvjmZGA3','https://docs.google.com/document/d/1WaTXW26D2texuHUW0mo8xLsNKewnH1z6bo-k5epUU8s/edit?usp=drivesdk'),('22BC657','Chanchal','9813428375','bajajchanchal910@gmail.com','https://s3.amazonaws.com/pf-user-files-01/u-154144/uploads/2023-09-11/ul030mk/IMG_20230911_201238.pdf','','','https://drive.google.com/drive/folders/169ryvu7UxixMFMnnLRieeP9FBs-zLDs7','https://1drv.ms/w/s!AsxnEppLQu62gWV-E9xdfUlnf2Uw?e=2D8F30'),('22BC665','Krishna Killa','9643433060','krishnakilla1@gmail.com','https://s3.amazonaws.com/pf-user-files-01/u-154144/uploads/2023-09-11/oj13zgp/KrishnaKilla%2022BC665%20A%201.pdf','','','https://drive.google.com/drive/folders/1vREVAyvHtSFG5spA2TFVXiFNLZiUUp_m?usp=drive_link','https://drive.google.com/drive/folders/1Cg8IF6z9iqdGxDoplSonweFu9UZZghDI?usp=drive_link'),('22BC676','Ekamreet Kaur','8146154803','kaurekam2003@gmail.com','https://s3.amazonaws.com/pf-user-files-01/u-154144/uploads/2023-09-10/ya03nme/Ekamreet%20Kaur%2022BC676%20A%20.pdf','','','https://drive.google.com/drive/folders/1XGCb2C4U-Hg5e-8NFCecEJ0uaB69N_aG','https://docs.google.com/document/d/1_h22p-Fl07vVFXw5bGk_xM3vxuif18-48HSXl5ehd3I/edit?usp=sharing'),('22BC687','Tanishq Bharti','8882400964','tanishqbharti123@gmail.com','https://s3.amazonaws.com/pf-user-files-01/u-154144/uploads/2023-09-11/ma23wdd/CV%20Tanishq%20Bharti%2022BC687.pdf','','','https://drive.google.com/drive/folders/1tKFjWKLcl9GfcIT3jbhDq9-CwdQPplN4?usp=drive_link','https://drive.google.com/drive/folders/1RqR6bGFIQsnBUdGrkNOauxkbcGa4Hvnh?usp=drive_link'),('22BC697','Vaishali . .','9950801862','meenavaishali613@gmail.com','https://s3.amazonaws.com/pf-user-files-01/u-154144/uploads/2023-09-10/vj14v2d/VAISHALI22BC697A.docx.pdf','','','https://drive.google.com/drive/folders/10yn9BbprnEqNuEbtVCxVbFx2brvHGAij','https://docs.google.com/document/d/1n-PvHfYs6F9J3BR2qNbNRd3-J39DJIAN/edit?usp=drive_link&ouid=100547690653145556995&rtpof=true&sd=true'),('22BC700','Divya Suman','9508871472','divyasuman652@gmail.com','https://s3.amazonaws.com/pf-user-files-01/u-154144/uploads/2023-09-10/7s03w4e/Divya%20Suman%2022BC700%20A%201.pdf','','','https://drive.google.com/drive/folders/1IEiLcdEgnduaZQflpC7R0tg3KZn8lBYc','https://acrobat.adobe.com/link/review?uri=urn:aaid:scds:US:78045110-3999-3d87-bade-df999c276489'),('22BC703','Khushi Tiwari','8009798374','tiwari.khushi10704@gmail.com','https://s3.amazonaws.com/pf-user-files-01/u-154144/uploads/2023-09-10/oc030ka/Khushi%20Tiwari%2022BC703%20A.pdf','','','https://drive.google.com/drive/folders/1PZJ5ky9-2BKJj5B-UekCHGWWELDy3ltV','https://drive.google.com/file/d/1SIFZ7I9k1R8XJf4WNBBqzctTtUsus9x7/view?usp=drivesdk'),('22BC708','Divyansh Jain','9810166255','divyanshjain5933@gmail.com','https://s3.amazonaws.com/pf-user-files-01/u-154144/uploads/2023-09-11/p723z3p/Divyansh%20Jain%201.pdf','','','https://drive.google.com/drive/folders/1cun5FCgFr2LvQAY_0wwc9p0qjkI02d6B?usp=drive_link','https://docs.google.com/document/d/153NOKD3Cl_EB88vk9KxYlgPrNX03FdDl-g8dwnxVZXQ/edit?usp=sharing'),('22BC715','Pragya','9817400957','pragyajindal28@gmail.com','https://s3.amazonaws.com/pf-user-files-01/u-154144/uploads/2023-09-10/tz03xvl/Pragya%2022BC715%20A.pdf','','','https://drive.google.com/drive/folders/1DzJ8jHXKhutlqtmICbr2jZVkiEYlc0KB?usp=sharing','https://docs.google.com/document/d/1qlzKnkAh5--7I1pltuV6xLEfLnepyyZ0jB2Wd4wfOeo/edit?usp=sharing'),('22BC716','Shivam Agrawal','7088878738','shivamagrawal2004@gmail.com','https://s3.amazonaws.com/pf-user-files-01/u-154144/uploads/2023-09-10/9103zz7/Shivam%20Agrawal%2022BC716%20A.pdf','','','https://drive.google.com/drive/folders/1sewwZGGNnM6kyIRaQ4i_XH0b8gR69dbi?usp=drive_link','https://drive.google.com/file/d/1TwgpFDRP_NKFf0mRQTm9mRNWdgDAMXwM/view?usp=drive_link'),('22BC717','Nidhish Dhoundiyal','9958336574','nidhishdhoundiyal83@gmail.com','https://s3.amazonaws.com/pf-user-files-01/u-154144/uploads/2023-09-11/3r02p3q/CV-NIDHISH%20DHOUNDIYAL.pdf','','','https://drive.google.com/drive/folders/1zh1UPaVtfVbYiNAFtewOXpmM1nT5pU61?usp=sharing','https://docs.google.com/document/d/1BNEplbWCJxG_VKktkuoc4q0Yzvauu6pNMu1PMKk_2l4/edit?usp=sharing'),('22BC725','Ezra Lal','9818865979','ezralal007@gmail.com','https://s3.amazonaws.com/pf-user-files-01/u-154144/uploads/2023-09-08/0f03zmr/EZRA%20LAL%2022BC725%20A.pdf','','','https://drive.google.com/drive/folders/154fNaE6Ld4iIum0yd_-Kh5u6cp-Q6WA5?usp=sharing','https://drive.google.com/drive/folders/1c4yBIRS-PXtkwJWQ0edj3vub5EH0d0Qn?usp=sharing'),('22BC736','Ansh Gattani','9602272829','anshgattani@gmail.com','https://s3.amazonaws.com/pf-user-files-01/u-154144/uploads/2023-09-10/hi03zh1/AnshGattani%2022BC736%20A.pdf','','','https://drive.google.com/drive/folders/1CMVwyOQ9hbcGGcYVGC0a4sBs-cYyFOuB?usp=drive_link','https://docs.google.com/document/d/1owcVvUIhbdz8UkHDtWAWkWFV63FcgF2lFKlxGDzYhq4/edit?usp=sharing'),('22BC743','Riyanshu','9315280865','pvs.riy4329@gmail.com','https://s3.amazonaws.com/pf-user-files-01/u-154144/uploads/2023-09-10/1h03w7a/RIYANSHU%2022BC743%20A.pdf','https://s3.amazonaws.com/pf-user-files-01/u-154144/uploads/2023-09-10/k513wy7/RIYANSHU%2022BC743%20B.pdf','','https://drive.google.com/drive/folders/1A_sTlMVKdadMZeXlsauagSB87IHvxjb4?usp=sharing','https://drive.google.com/drive/folders/11IyyI9W3DKrl5fuUJX0jSu0V2C6pJDnx?usp=drive_link'),('22BC745','Lakshay','8950125140','guptalakshay20217@gmail.com','https://s3.amazonaws.com/pf-user-files-01/u-154144/uploads/2023-09-11/lu23xf0/Lakshay_22BC745_CV.pdf','','','https://drive.google.com/drive/folders/1eLGSgDxJR8tlUL7W6q2v8dkCizP_gy9E?usp=sharing','https://docs.google.com/document/d/1oQynRZjK3zYS2LyoUxa6FfMFIpNZt-7n/edit?usp=sharing&ouid=112222846772090922581&rtpof=true&sd=true'),('22BC746','Akshit Jain','9358811522','jainakshit934@gmail.com','https://s3.amazonaws.com/pf-user-files-01/u-154144/uploads/2023-09-11/vl13z88/Akshit%20Jain%2022BC746%20A.pdf','','','https://drive.google.com/drive/folders/151iLFA-DUBdBL2eL5AIW0o4Vc0kYrkn_?usp=drive_link','https://docs.google.com/document/d/1vpP-Ui-A0F740b6SdJg7aBAWxgLduockWVunZ0JYInQ/edit?usp=sharing'),('22BC747','Aditya Singh','9896889875','as6468186@gmail.com','https://s3.amazonaws.com/pf-user-files-01/u-154144/uploads/2023-09-10/l703y4p/Aditya%20singh%20747%20A.pdf','','','https://drive.google.com/drive/folders/1yt--iomRmQ-iU99ekbtrZkiq5CCkk_tq','https://1drv.ms/w/s!AtQkKg2mywpEilvL_cwi5wUPcP0s?e=qPBF4h'),('22BC753','Shourya Garg','9950374911','shouryagarg.2004@gmail.com','https://s3.amazonaws.com/pf-user-files-01/u-154144/uploads/2023-09-09/g213z6i/Shourya_GargCVA.pdf','','','https://drive.google.com/drive/folders/1zNHG-t7ZQSq6WVGje7XRk6wNTN4XPIZc?usp=sharing','https://drive.google.com/file/d/1q6f3BQoEfHaJxTrEARNOyh8CmklQiQAx/view?usp=sharing'),('22BC763','Dheeraj Dhawan','9123067779','dheerajdhawan2004@gmail.com','https://s3.amazonaws.com/pf-user-files-01/u-154144/uploads/2023-09-09/vd03zjy/DHEERAJ%20DHAWAN%2022BC763%20A.pdf','https://s3.amazonaws.com/pf-user-files-01/u-154144/uploads/2023-09-09/2813zff/DHEERAJ%20DHAWAN%2022BC763%20B.pdf','','https://drive.google.com/drive/folders/1mkNyBXKmfluNRp_g6G379aW57Rfod00r?usp=sharing','https://drive.google.com/file/d/1qViZWS6ZaMJxQ2eZK_8Q-JTS4LDPmvVV/view?usp=sharing'),('22BC771','Aryan Agarwal','8800247661','agarwalaryan564@gmail.com','https://s3.amazonaws.com/pf-user-files-01/u-154144/uploads/2023-09-10/5g63zkk/Aryan%20Agarwal%2022BC771%20A.pdf','','','https://drive.google.com/drive/folders/1BDy9n1OVp74ECaUYOizqKIBZCdziMee2?usp=drive_link','https://drive.google.com/file/d/1uPH4yFwoH4F5Y4ILpNQR2pJS-Rj6iyLb/view?usp=sharing'),('22BC798','Eshita Rathi','9871567798','eshitarathe15@gmail.com','https://s3.amazonaws.com/pf-user-files-01/u-154144/uploads/2023-09-10/2h23xf4/eshita%20rathi%2022BC798%20A.pdf','','','https://drive.google.com/drive/folders/1X1CIucxJqNLliP966LV6MGRQfCOzP99A?usp=drive_link','https://docs.google.com/document/d/193o85AdY7SxZZM-W6zBXAxpUmuq3tqVHJWf7EY68fa4/edit?usp=sharing'),('22BC809','Manya Agrawal','9920872075','manya.ag13@gmail.com','https://s3.amazonaws.com/pf-user-files-01/u-154144/uploads/2023-09-10/pe23z9j/Manya%20Agrawal%2022BC809%20CV.pdf','','','https://drive.google.com/drive/folders/1Fnl8DzTLCnjrAhK-ayN6Y7_o3tIN6Iq8','https://drive.google.com/drive/folders/1Ll8TDaCaJSqAZKb4IAP53w-2Gwz7053-'),('22BC821','Raghav Rathi','9006050121','raghavrathibrt@gmail.com','https://s3.amazonaws.com/pf-user-files-01/u-154144/uploads/2023-09-10/tv23zsh/Raghav%20Rathi%2022BC821%20CV.pdf','','','https://drive.google.com/drive/folders/17Z3diJpyx9b0qGaHIFrDpru3FZYckikU?usp=drive_link','https://docs.google.com/document/d/1uqYdceusPO0CvFfbEcww3HAkdfPXSDAt/edit?usp=drive_link&ouid=112265182442256157585&rtpof=true&sd=true'),('22BC828','Khushi Razdan','6006605430','razdankhushi@gmail.com','https://s3.amazonaws.com/pf-user-files-01/u-154144/uploads/2023-09-11/8o23zzj/Khushi%20Razdan%2022BC828%20A.pdf','','','https://drive.google.com/drive/folders/1TDalCEE3PUa8dUGqBErpDORlNEwcACBV?usp=sharing','https://docs.google.com/document/d/1GkkYehh9Kqbi90bbf2Tw9eHKa7SzCOjpRqlfSatnTY4/edit?usp=sharing'),('22BC830','Riya Marhatta','7780981676','rebecamarhatta28@gmail.com','https://s3.amazonaws.com/pf-user-files-01/u-154144/uploads/2023-09-11/zx14vvg/Riya%20marhatta.pdf','','','https://drive.google.com/drive/folders/1CWQclZw8z1dXfCnjUovpj_aZpfRnw_LB','https://1drv.ms/w/s!AlI7r1d1QVh8ghveogORO9dSMroS?e=BG9WCy'),('22BC848','Janhavi Kaul','9910800311','Janhavi.kaul@gmail.com','https://s3.amazonaws.com/pf-user-files-01/u-154144/uploads/2023-09-11/y103zid/JANHAVI%20KAUL%20CV%20SRCC.pdf','','','https://drive.google.com/drive/folders/1fYUAF57ewJdRizilwohvnUkShjEDMtF3?usp=drive_link','https://drive.google.com/drive/folders/1fYUAF57ewJdRizilwohvnUkShjEDMtF3?usp=drive_link'),('22BC872','Mehar Singh','9253031431','meharrrsinghhh@gmail.com','https://s3.amazonaws.com/pf-user-files-01/u-154144/uploads/2023-09-10/cw23z70/Mehar%20Singh_22BC872.pdf','','','https://drive.google.com/drive/folders/14QTsUeR1j2eqjjdHCSwKctrrv1uvPptB?usp=sharing','https://docs.google.com/document/d/15fHBuH6PrBBfv_GCanRvPicGS4wLUSXoWvGKeTC_u54/edit?usp=sharing'),('22BC878','Amrit Kaur','9063811900','amritkaurn04@gmail.com','https://s3.amazonaws.com/pf-user-files-01/u-154144/uploads/2023-09-11/7l23z70/Amrit%20Kaur%2022BC878.pdf','','','https://drive.google.com/drive/folders/1WNH-DIpq0nd3VozclFPlXoMVDcoymCE8?usp=drive_link','https://docs.google.com/document/d/1Q0f3P52HQWaajI4PX-6FuGrRBGoSKm8K9i1WzqQcwA4/edit?usp=sharing'),('22BC880','Aadarsh Mathew','8921266390','aadarshmathew.srcc@gmail.com','https://s3.amazonaws.com/pf-user-files-01/u-154144/uploads/2023-09-11/fk03wer/Aadarsh%20Mathew%2022BC880%20A.pdf','','','https://drive.google.com/drive/folders/1JVCfUB-h2FwwtUO5kLyega6wgJVljxxT?usp=sharing','https://drive.google.com/file/d/1ydpum2OCwLJ_xndJ7PQKRQDpOb2n3Egy/view?usp=drive_link'),('22BC900','Pranvi Trisal','8920056508','tpranvi@gmai.com','https://s3.amazonaws.com/pf-user-files-01/u-154144/uploads/2023-09-11/bq23cxw/CV%7CPRANVI%7C22BC900.pdf','','','https://drive.google.com/drive/folders/1Id7-VnzovFH3OvuDXaPm2HpDsppmhzGf?usp=share_link','https://drive.google.com/drive/folders/1t4Ik5jmxIyhwxrspD4BLi48U3Nc1IznR?usp=share_link'),('22BC923','Garima Bhat','6005140552','garimabhat7@gmail.com','https://s3.amazonaws.com/pf-user-files-01/u-154144/uploads/2023-09-11/c704xrd/GarimaBhat__Resume.pdf','','','https://drive.google.com/drive/folders/1Ib942JN44TeeV1vqLvpr4fslLXXz4aPJ','https://drive.google.com/drive/folders/1Jc-V2UOdmijG6Yw50msXnKmT72PL8lif');
/*!40000 ALTER TABLE `student_data` ENABLE KEYS */;
UNLOCK TABLES;

--
-- Table structure for table `vetting_slots`
--

DROP TABLE IF EXISTS `vetting_slots`;
/*!40101 SET @saved_cs_client     = @@character_set_client */;
/*!50503 SET character_set_client = utf8mb4 */;
CREATE TABLE `vetting_slots` (
  `Roll Number` varchar(10) NOT NULL,
  `Date` date DEFAULT NULL,
  `SC Name` varchar(100) DEFAULT NULL,
  `FNS Buddy` varchar(100) DEFAULT NULL,
  `Vetting Status` enum('Discrepancy','Cancelled','Revetting','Vetted','Rescheduled','Pending') DEFAULT 'Pending',
  `Revetting Status` enum('Yes','No') DEFAULT NULL,
  `Discrepancy Slot Date` date DEFAULT NULL,
  `Discrepancy Slot Time` time DEFAULT NULL,
  `Email Link` text,
  `Discrepancies` text,
  PRIMARY KEY (`Roll Number`),
  CONSTRAINT `vetting_slots_ibfk_1` FOREIGN KEY (`Roll Number`) REFERENCES `student_data` (`Roll Number`)
) ENGINE=InnoDB DEFAULT CHARSET=utf8mb4 COLLATE=utf8mb4_0900_ai_ci;
/*!40101 SET character_set_client = @saved_cs_client */;

--
-- Dumping data for table `vetting_slots`
--

LOCK TABLES `vetting_slots` WRITE;
/*!40000 ALTER TABLE `vetting_slots` DISABLE KEYS */;
INSERT INTO `vetting_slots` VALUES ('22BA004','2024-08-07','Riddhi Sharma','','Pending','No',NULL,NULL,NULL,NULL),('22BA008','2024-08-11','Ashwath VK','','Pending','No',NULL,NULL,NULL,NULL),('22BA023','2024-08-09','Riddhi Sharma','','Pending','No',NULL,NULL,NULL,NULL),('22BA026','2024-08-11','Riddhi Sharma','','Pending','No',NULL,NULL,NULL,NULL),('22BA036','2024-08-05','Nitya Mall','','Pending','No',NULL,NULL,NULL,NULL),('22BA047','2024-08-06','Riddhi Sharma','','Pending','No',NULL,NULL,NULL,NULL),('22BA050','2024-08-12','Saksham Didwania','','Pending','No',NULL,NULL,NULL,NULL),('22BA052','2024-08-09','Ashwath VK','','Pending','No',NULL,NULL,NULL,NULL),('22BA056','2024-08-07','Ashwath VK','','Pending','No',NULL,NULL,NULL,NULL),('22BA079','2024-08-10','Saksham Didwania','','Pending','No',NULL,NULL,NULL,NULL),('22BA081','2024-08-12','Ashwath VK','','Pending','No',NULL,NULL,NULL,NULL),('22BA088','2024-08-09','Nitya Mall','','Pending','No',NULL,NULL,NULL,NULL),('22BA115','2024-08-10','Riddhi Sharma','','Pending','No',NULL,NULL,NULL,NULL),('22BA117','2024-08-05','Riddhi Sharma','','Pending','No',NULL,NULL,NULL,NULL),('22BA119','2024-08-12','Riddhi Sharma','','Pending','No',NULL,NULL,NULL,NULL),('22BA132','2024-08-08','Riddhi Sharma','','Pending','No',NULL,NULL,NULL,NULL),('22BA139','2024-08-13','Riddhi Sharma','','Pending','No',NULL,NULL,NULL,NULL),('22BA146','2024-08-06','Riddhi Sharma','','Pending','No',NULL,NULL,NULL,NULL),('22BA147','2024-08-12','Ashwath VK','','Pending','No',NULL,NULL,NULL,NULL),('22BA155','2024-08-07','Riddhi Sharma','','Pending','No',NULL,NULL,NULL,NULL),('22BA157','2024-08-09','Riddhi Sharma','','Pending','No',NULL,NULL,NULL,NULL),('22BA179','2024-08-08','Saksham Didwania','','Pending','No',NULL,NULL,NULL,NULL),('22BA181','2024-08-12','Nitya Mall','','Pending','No',NULL,NULL,NULL,NULL),('22BA195','2024-08-11','Ashwath VK','','Pending','No',NULL,NULL,NULL,NULL),('22BA204','2024-08-06','Saksham Didwania','','Pending','No',NULL,NULL,NULL,NULL),('22BA218','2024-08-09','Riddhi Sharma','','Pending','No',NULL,NULL,NULL,NULL),('22BA221','2024-08-09','Nitya Mall','','Pending','No',NULL,NULL,NULL,NULL),('22BA224','2024-08-12','Saksham Didwania','','Pending','No',NULL,NULL,NULL,NULL),('22BA226','2024-08-05','Ashwath VK','','Pending','No',NULL,NULL,NULL,NULL),('22BA234','2024-08-13','Riddhi Sharma','','Pending','No',NULL,NULL,NULL,NULL),('22BA237','2024-08-05','Saksham Didwania','','Pending','No',NULL,NULL,NULL,NULL),('22BA241','2024-08-07','Riddhi Sharma','','Pending','No',NULL,NULL,NULL,NULL),('22BA452','2024-08-06','Ashwath VK','','Pending','No',NULL,NULL,NULL,NULL),('22BC001','2024-08-08','Ashwath VK','','Pending','No',NULL,NULL,NULL,NULL),('22BC022','2024-08-07','Saksham Didwania','','Pending','No',NULL,NULL,NULL,NULL),('22BC024','2024-08-06','Saksham Didwania','','Pending','No',NULL,NULL,NULL,NULL),('22BC055','2024-08-06','Ashwath VK','','Pending','No',NULL,NULL,NULL,NULL),('22BC062','2024-08-10','Nitya Mall','','Pending','No',NULL,NULL,NULL,NULL),('22BC065','2024-08-12','Nitya Mall','','Pending','No',NULL,NULL,NULL,NULL),('22BC071','2024-08-07','Riddhi Sharma','','Pending','No',NULL,NULL,NULL,NULL),('22BC081','2024-08-09','Nitya Mall','','Pending','No',NULL,NULL,NULL,NULL),('22BC088','2024-08-11','Nitya Mall','','Pending','No',NULL,NULL,NULL,NULL),('22BC092','2024-08-06','Riddhi Sharma','','Pending','No',NULL,NULL,NULL,NULL),('22BC093','2024-08-09','Saksham Didwania','','Pending','No',NULL,NULL,NULL,NULL),('22BC132','2024-08-07','Saksham Didwania','','Pending','No',NULL,NULL,NULL,NULL),('22BC140','2024-08-07','Ashwath VK','','Pending','No',NULL,NULL,NULL,NULL),('22BC142','2024-08-12','Nitya Mall','','Pending','No',NULL,NULL,NULL,NULL),('22BC145','2024-08-10','Saksham Didwania','','Pending','No',NULL,NULL,NULL,NULL),('22BC157','2024-08-12','Riddhi Sharma','','Pending','No',NULL,NULL,NULL,NULL),('22BC162','2024-08-10','Nitya Mall','','Pending','No',NULL,NULL,NULL,NULL),('22BC178','2024-08-05','Saksham Didwania','','Pending','No',NULL,NULL,NULL,NULL),('22BC188','2024-08-08','Saksham Didwania','','Pending','No',NULL,NULL,NULL,NULL),('22BC189','2024-08-06','Nitya Mall','','Pending','No',NULL,NULL,NULL,NULL),('22BC196','2024-08-08','Nitya Mall','','Pending','No',NULL,NULL,NULL,NULL),('22BC203','2024-08-11','Saksham Didwania','','Pending','No',NULL,NULL,NULL,NULL),('22BC210','2024-08-07','Ashwath VK','','Pending','No',NULL,NULL,NULL,NULL),('22BC211','2024-08-07','Saksham Didwania','','Pending','No',NULL,NULL,NULL,NULL),('22BC217','2024-08-05','Riddhi Sharma','','Pending','No',NULL,NULL,NULL,NULL),('22BC220','2024-08-12','Riddhi Sharma','','Pending','No',NULL,NULL,NULL,NULL),('22BC221','2024-08-06','Saksham Didwania','','Pending','No',NULL,NULL,NULL,NULL),('22BC243','2024-08-05','Ashwath VK','','Pending','No',NULL,NULL,NULL,NULL),('22BC245','2024-08-10','Ashwath VK','','Pending','No',NULL,NULL,NULL,NULL),('22BC249','2024-08-12','Nitya Mall','','Pending','No',NULL,NULL,NULL,NULL),('22BC250','2024-08-10','Riddhi Sharma','','Pending','No',NULL,NULL,NULL,NULL),('22BC253','2024-08-07','Nitya Mall','','Pending','No',NULL,NULL,NULL,NULL),('22BC257','2024-08-10','Ashwath VK','','Pending','No',NULL,NULL,NULL,NULL),('22BC277','2024-08-11','Riddhi Sharma','','Pending','No',NULL,NULL,NULL,NULL),('22BC281','2024-08-06','Nitya Mall','','Pending','No',NULL,NULL,NULL,NULL),('22BC293','2024-08-11','Nitya Mall','','Pending','No',NULL,NULL,NULL,NULL),('22BC308','2024-08-10','Riddhi Sharma','','Pending','No',NULL,NULL,NULL,NULL),('22BC318','2024-08-08','Ashwath VK','','Pending','No',NULL,NULL,NULL,NULL),('22BC333','2024-08-11','Ashwath VK','','Pending','No',NULL,NULL,NULL,NULL),('22BC337','2024-08-06','Nitya Mall','','Pending','No',NULL,NULL,NULL,NULL),('22BC346','2024-08-08','Saksham Didwania','','Pending','No',NULL,NULL,NULL,NULL),('22BC356','2024-08-10','Nitya Mall','','Pending','No',NULL,NULL,NULL,NULL),('22BC375','2024-08-11','Nitya Mall','','Pending','No',NULL,NULL,NULL,NULL),('22BC378','2024-08-08','Ashwath VK','','Pending','No',NULL,NULL,NULL,NULL),('22BC385','2024-08-10','Ashwath VK','','Pending','No',NULL,NULL,NULL,NULL),('22BC394','2024-08-09','Saksham Didwania','','Pending','No',NULL,NULL,NULL,NULL),('22BC408','2024-08-05','Nitya Mall','','Pending','No',NULL,NULL,NULL,NULL),('22BC412','2024-08-08','Ashwath VK','','Pending','No',NULL,NULL,NULL,NULL),('22BC414','2024-08-09','Riddhi Sharma','','Pending','No',NULL,NULL,NULL,NULL),('22BC415','2024-08-05','Ashwath VK','','Pending','No',NULL,NULL,NULL,NULL),('22BC426','2024-08-10','Nitya Mall','','Pending','No',NULL,NULL,NULL,NULL),('22BC427','2024-08-06','Saksham Didwania','','Pending','No',NULL,NULL,NULL,NULL),('22BC432','2024-08-11','Saksham Didwania','','Pending','No',NULL,NULL,NULL,NULL),('22BC478','2024-08-08','Nitya Mall','','Pending','No',NULL,NULL,NULL,NULL),('22BC479','2024-08-12','Ashwath VK','','Pending','No',NULL,NULL,NULL,NULL),('22BC489','2024-08-06','Ashwath VK','','Pending','No',NULL,NULL,NULL,NULL),('22BC500','2024-08-11','Riddhi Sharma','','Pending','No',NULL,NULL,NULL,NULL),('22BC505','2024-08-13','Riddhi Sharma','','Pending','No',NULL,NULL,NULL,NULL),('22BC506','2024-08-10','Riddhi Sharma','','Pending','No',NULL,NULL,NULL,NULL),('22BC527','2024-08-11','Nitya Mall','','Pending','No',NULL,NULL,NULL,NULL),('22BC547','2024-08-09','Ashwath VK','','Pending','No',NULL,NULL,NULL,NULL),('22BC550','2024-08-12','Ashwath VK','','Pending','No',NULL,NULL,NULL,NULL),('22BC554','2024-08-10','Saksham Didwania','','Pending','No',NULL,NULL,NULL,NULL),('22BC558','2024-08-12','Ashwath VK','','Pending','No',NULL,NULL,NULL,NULL),('22BC559','2024-08-08','Nitya Mall','','Pending','No',NULL,NULL,NULL,NULL),('22BC560','2024-08-05','Saksham Didwania','','Pending','No',NULL,NULL,NULL,NULL),('22BC584','2024-08-11','Saksham Didwania','','Pending','No',NULL,NULL,NULL,NULL),('22BC587','2024-08-12','Nitya Mall','','Pending','No',NULL,NULL,NULL,NULL),('22BC603','2024-08-10','Ashwath VK','','Pending','No',NULL,NULL,NULL,NULL),('22BC604','2024-08-07','Nitya Mall','','Pending','No',NULL,NULL,NULL,NULL),('22BC623','2024-08-09','Ashwath VK','','Pending','No',NULL,NULL,NULL,NULL),('22BC638','2024-08-08','Riddhi Sharma','','Pending','No',NULL,NULL,NULL,NULL),('22BC641','2024-08-08','Riddhi Sharma','','Pending','No',NULL,NULL,NULL,NULL),('22BC645','2024-08-05','Riddhi Sharma','','Pending','No',NULL,NULL,NULL,NULL),('22BC652','2024-08-08','Nitya Mall','','Pending','No',NULL,NULL,NULL,NULL),('22BC657','2024-08-11','Riddhi Sharma','','Pending','No',NULL,NULL,NULL,NULL),('22BC665','2024-08-07','Saksham Didwania','','Pending','No',NULL,NULL,NULL,NULL),('22BC676','2024-08-11','Ashwath VK','','Pending','No',NULL,NULL,NULL,NULL),('22BC687','2024-08-10','Saksham Didwania','','Pending','No',NULL,NULL,NULL,NULL),('22BC697','2024-08-12','Ashwath VK','','Pending','No',NULL,NULL,NULL,NULL),('22BC700','2024-08-09','Nitya Mall','','Pending','No',NULL,NULL,NULL,NULL),('22BC703','2024-08-07','Nitya Mall','','Pending','No',NULL,NULL,NULL,NULL),('22BC708','2024-08-13','Riddhi Sharma','','Pending','No',NULL,NULL,NULL,NULL),('22BC715','2024-08-07','Ashwath VK','','Pending','No',NULL,NULL,NULL,NULL),('22BC716','2024-08-05','Saksham Didwania','','Pending','No',NULL,NULL,NULL,NULL),('22BC717','2024-08-08','Saksham Didwania','','Pending','No',NULL,NULL,NULL,NULL),('22BC725','2024-08-05','Ashwath VK','','Pending','No',NULL,NULL,NULL,NULL),('22BC736','2024-08-06','Riddhi Sharma','','Pending','No',NULL,NULL,NULL,NULL),('22BC743','2024-08-12','Nitya Mall','','Pending','No',NULL,NULL,NULL,NULL),('22BC745','2024-08-12','Riddhi Sharma','','Pending','No',NULL,NULL,NULL,NULL),('22BC746','2024-08-08','Riddhi Sharma','','Pending','No',NULL,NULL,NULL,NULL),('22BC747','2024-08-06','Nitya Mall','','Pending','No',NULL,NULL,NULL,NULL),('22BC753','2024-08-05','Nitya Mall','','Pending','No',NULL,NULL,NULL,NULL),('22BC763','2024-08-05','Nitya Mall','','Pending','No',NULL,NULL,NULL,NULL),('22BC771','2024-08-13','Riddhi Sharma','','Pending','No',NULL,NULL,NULL,NULL),('22BC798','2024-08-05','Riddhi Sharma','','Pending','No',NULL,NULL,NULL,NULL),('22BC809','2024-08-07','Nitya Mall','','Pending','No',NULL,NULL,NULL,NULL),('22BC821','2024-08-06','Ashwath VK','','Pending','No',NULL,NULL,NULL,NULL),('22BC828','2024-08-09','Saksham Didwania','','Pending','No',NULL,NULL,NULL,NULL),('22BC830','2024-08-09','Saksham Didwania','','Pending','No',NULL,NULL,NULL,NULL),('22BC848','2024-08-12','Saksham Didwania','','Pending','No',NULL,NULL,NULL,NULL),('22BC872','2024-08-09','Ashwath VK','','Pending','No',NULL,NULL,NULL,NULL),('22BC878','2024-08-11','Saksham Didwania','','Pending','No',NULL,NULL,NULL,NULL),('22BC880','2024-08-12','Saksham Didwania','','Pending','No',NULL,NULL,NULL,NULL),('22BC900','2024-08-12','Saksham Didwania','','Pending','No',NULL,NULL,NULL,NULL),('22BC923','2024-08-12','Saksham Didwania','','Pending','No',NULL,NULL,NULL,NULL);
/*!40000 ALTER TABLE `vetting_slots` ENABLE KEYS */;
UNLOCK TABLES;
/*!40103 SET TIME_ZONE=@OLD_TIME_ZONE */;

/*!40101 SET SQL_MODE=@OLD_SQL_MODE */;
/*!40014 SET FOREIGN_KEY_CHECKS=@OLD_FOREIGN_KEY_CHECKS */;
/*!40014 SET UNIQUE_CHECKS=@OLD_UNIQUE_CHECKS */;
/*!40101 SET CHARACTER_SET_CLIENT=@OLD_CHARACTER_SET_CLIENT */;
/*!40101 SET CHARACTER_SET_RESULTS=@OLD_CHARACTER_SET_RESULTS */;
/*!40101 SET COLLATION_CONNECTION=@OLD_COLLATION_CONNECTION */;
/*!40111 SET SQL_NOTES=@OLD_SQL_NOTES */;

-- Dump completed on 2024-08-05  3:04:25
